,Symbol,Name,Sector,Beta,Weighted Alpha,ROE%,Market Cap,Earnings Per Share ttm,Price/Earnings ttm,ROA%
0,MMM,3M Company,Industrials,0.97,-26.9,40.84%,83723264,10.12,14.37,12.41%
1,AOS,A.O. Smith Corp,Industrials,1.2,-1.5,26.35%,10772085,3.02,21.92,14.96%
2,ABT,Abbott Laboratories,Health Care,0.76,-2.4,27.06%,208778640,5.21,22.29,12.70%
3,ABBV,AbbVie Inc.,Health Care,0.8,44.1,164.05%,263261344,12.7,11.59,15.29%
4,ACN,Accenture plc,Information Technology,1.24,6.1,30.42%,195600800,9.41,32.05,14.36%
5,ATVI,Activision Blizzard,Information Technology,0.55,-12.7,15.15%,62985564,3.21,25.24,10.44%
6,AYI,Acuity Brands Inc,Industrials,1.61,22.4,18.35%,6583385,10.31,17.75,10.53%
7,ADBE,Adobe Systems Inc,Information Technology,1.06,-14.1,36.06%,212967536,10.62,40.63,19.64%
8,AAP,Advance Auto Parts,Consumer Discretionary,1.3,6.1,23.63%,12517756,12.02,16.69,6.49%
9,AMD,Advanced Micro Devices Inc,Information Technology,1.85,24.1,44.25%,133182600,2.54,41.55,28.14%
10,AES,AES Corp,Utilities,0.89,-21.9,31.10%,14655994,1.54,14,3.93%
11,AET,Aetna Inc,Health Care,0.71,15.8,20.78%,69637976,10.83,19.58,6.22%
12,AMG,Affiliated Managers Group Inc,Financials,1.35,-19.3,23.53%,5301704,18.41,6.69,9.54%
13,AFL,AFLAC Inc,Financials,0.93,15.8,12.12%,39245108,5.93,9.99,2.52%
14,A,Agilent Technologies Inc,Health Care,1.05,-1.2,27.04%,40026768,4.49,28.8,13.09%
15,APD,Air Products & Chemicals Inc,Materials,0.87,-24.4,15.21%,50329760,9.42,23.22,7.88%
16,AKAM,Akamai Technologies Inc,Information Technology,0.58,6.2,17.37%,17739566,4.74,22.59,9.72%
17,ALK,Alaska Air Group Inc,Industrials,1.51,-30.4,-7.57%,6123101,-2.1,0,-1.80%
18,ALB,Albemarle Corp,Materials,1.54,3.4,7.79%,21901136,4.05,44.63,4.36%
19,ARE,Alexandria Real Estate Equities Inc,Real Estate,0.82,10.5,3.40%,30742644,3.79,24.59,2.05%
20,ALXN,Alexion Pharmaceuticals,Health Care,1.25,62.81,23.43%,40335968,11.91,15.07,15.06%
21,ALGN,Align Technology,Health Care,1.64,-30.3,22.19%,34831324,9.7,42.78,14.00%
22,ALLE,Allegion,Industrials,1.14,-10.5,59.62%,10105864,5.19,21.47,15.42%
23,AGN,"Allergan, Plc",Health Care,1.2,28.2,8.46%,63503972,17.64,10.94,5.31%
24,ADS,Alliance Data Systems,Information Technology,2.16,-53.1,43.42%,2862520,17.67,3.03,4.07%
25,LNT,Alliant Energy Corp,Utilities,0.43,13.7,11.44%,14952915,2.62,23.09,3.72%
26,ALL,Allstate Corp,Financials,0.79,2.6,16.60%,34075116,13.38,9.12,3.30%
27,GOOGL,Alphabet Inc Class A,Information Technology,1.06,19.9,31.56%,1763735040,9.65%,22.65,22.21%
28,GOOG,Alphabet Inc Class C,Information Technology,1.06,19.3,31.56%,1769630880,112.23,22.68,22.21%
29,MO,Altria Group Inc,Consumer Staples,0.59,7,1009.13%,92680096,4.61,11.04,19.82%
30,AMZN,Amazon.com Inc,Consumer Discretionary,1.11,-17.7,27.98%,1417425760,64.78,41.99,8.98%
31,AEE,Ameren Corp,Utilities,0.34,9.6,10.31%,22355068,3.84,22.85,2.89%
32,AAL,American Airlines Group,Industrials,1.59,-43.6,0.00%,9282988,-8.42,0,-7.82%
33,AEP,American Electric Power,Utilities,0.34,18.7,10.78%,47851980,4.74,20.09,2.78%
34,AXP,American Express Co,Financials,1.12,8.7,33.20%,128065208,9.99,16.02,4.26%
35,AIG,"American International Group, Inc.",Financials,1.28,18.8,6.74%,48389764,5.12,10.83,0.75%
36,AMT,American Tower Corp A,Real Estate,0.46,-3.2,34.57%,106271352,5.67,23.87,4.35%
37,AWK,American Water Works Company Inc,Utilities,0.4,1.4,11.25%,27918728,4.25,36.29,3.06%
38,AMP,Ameriprise Financial,Financials,1.52,13.2,48.36%,30403360,22.76,11.48,1.60%
39,ABC,AmerisourceBergen Corp,Health Care,0.45,33,543.21%,30498448,9.66,14.95,3.72%
40,AME,AMETEK Inc,Industrials,1.31,2.6,17.45%,30239298,4.85,26.56,9.84%
41,AMGN,Amgen Inc,Health Care,0.59,1.6,120.59%,130373552,17.11,13.51,15.77%
42,APH,Amphenol Corp,Information Technology,1.26,10.8,26.17%,44866600,2.48,29.25,10.81%
43,APC,Anadarko Petroleum Corp,Energy,1.64,13.9,10.49%,36563504,2.24,32.24,2.68%
44,ADI,"Analog Devices, Inc.",Information Technology,1.1,-4.2,12.35%,80391648,6.93,21.43,8.40%
45,ANDV,Andeavor,Energy,1.15,52.3,8.52%,23198456,7.26,21.32,3.90%
46,ANSS,ANSYS,Information Technology,1.28,-10,11.87%,27244544,5.79,51.63,8.50%
47,ANTM,Anthem Inc.,Health Care,1.04,35.5,18.20%,112952280,25.97,17.56,6.62%
48,AON,Aon plc,Financials,0.89,23.4,87.65%,64116608,12.02,23.04,8.32%
49,APA,Apache Corporation,Energy,4.42,107.5,-552.09%,13420231,3.88,9.96,10.91%
50,AIV,Apartment Investment & Management,Real Estate,1.04,25.4,-1.04%,1101454,,0,-0.25%
51,AAPL,Apple Inc.,Information Technology,1.19,29.6,149.81%,2659252800,6.04,26.07,28.75%
52,AMAT,Applied Materials Inc,Information Technology,1.41,2.2,55.62%,113622256,7.36,16.87,26.85%
53,APTV,Aptiv Plc,Consumer Discretionary,2.09,-38.9,8.73%,28298470,2.6,38.52,4.17%
54,ADM,Archer-Daniels-Midland Co,Consumer Staples,0.77,47.7,13.50%,45974016,5.19,16.02,5.57%
55,ARNC,Arconic Inc,Industrials,2.46,-29.7,5.82%,2598319,0.81,29.16,1.39%
56,AJG,Arthur J. Gallagher & Co.,Financials,0.7,18.1,14.07%,32520040,5.5,27.3,4.02%
57,AIZ,Assurant Inc,Financials,0.59,21.1,9.82%,9616009,9.34,17.79,1.43%
58,T,AT&T Inc,Telecommunication Services,0.68,-23.6,13.50%,166143696,3.4,6.76,4.49%
59,ADSK,Autodesk Inc,Information Technology,1.46,-32.1,55.95%,45068072,2.89,67.8,8.05%
60,ADP,Automatic Data Processing,Information Technology,0.82,9.4,50.01%,88083440,6.39,32.14,4.89%
61,AZO,AutoZone Inc,Consumer Discretionary,0.91,39.2,-109.21%,38886012,110.19,16.78,16.85%
62,AVB,"AvalonBay Communities, Inc.",Real Estate,0.93,25.3,9.28%,34163768,7.19,29.05,5.16%
63,AVY,Avery Dennison Corp,Materials,1.03,-19.3,42.63%,13672032,8.92,17.82,10.43%
64,BHGE,"Baker Hughes, a GE Company",Energy,0.95,-23.1,1.07%,22917164,0.8,27.49,0.71%
65,BLL,Ball Corp,Materials,0.5,-1.3,31.47%,27780470,3.49,25.15,6.01%
66,BAC,Bank of America Corp,Financials,1.4,1.5,12.82%,335874816,3.56,10.84,1.04%
67,BAX,Baxter International Inc.,Health Care,0.62,-0.7,21.01%,39925256,3.62,22.22,7.94%
68,BBT,BB&T Corporation,Financials,1.17,15.9,12.25%,41564276,4.29,12.47,1.50%
69,BDX,Becton Dickinson,Health Care,0.65,11.5,14.87%,75418752,12.16,21.8,6.65%
70,BRK.B,Berkshire Hathaway,Financials,0.82,26.5,5.69%,720504576,13.94%,26.26,2.99%
71,BBY,Best Buy Co. Inc.,Consumer Discretionary,1.52,-11.4,63.23%,24474676,10.02,10.09,13.51%
72,BIIB,Biogen Inc.,Health Care,0.45,-39.7,26.30%,29726204,19.18,10.53,11.98%
73,BLK,BlackRock,Financials,1.22,-16,16.54%,105403120,39.17,16.92,3.59%
74,HRB,Block H&R,Financials,0.74,12.9,-665.97%,4060798,4.75,5.04,27.02%
75,BA,Boeing Company,Industrials,1.42,-35.2,0.00%,104100480,-9.42,0,-3.80%
76,BWA,BorgWarner,Consumer Discretionary,1.43,-29.6,14.22%,8981821,4.15,8.7,6.03%
77,BXP,Boston Properties,Real Estate,1.09,15.3,6.26%,19372792,3.17,18.61,2.26%
78,BSX,Boston Scientific,Health Care,0.84,4.2,14.43%,60022320,1.63,25.09,7.40%
79,BHF,Brighthouse Financial Inc,Financials,1.48,-1.4,11.70%,3582452,21.53,2.05,0.74%
80,BMY,Bristol-Myers Squibb,Health Care,0.54,13.8,45.60%,148503824,7.5,9.03,15.20%
81,AVGO,Broadcom,Information Technology,1,31.8,50.20%,244547168,26.9,21.41,16.09%
82,BF.B,Brown-Forman Corp.,Consumer Staples,0.8,-14,29.94%,30763250,1.68,38.13,12.44%
83,CHRW,C. H. Robinson Worldwide,Industrials,0.76,7,43.59%,13205378,6.31,16.1,13.44%
84,CA,"CA, Inc.",Information Technology,0.73,37.6,15.11%,18583474,2.28,19.48,7.46%
85,COG,Cabot Oil & Gas,Energy,-0.05,31.23,16.52%,8892524,0.93,23.4,8.16%
86,CDNS,Cadence Design Systems,Information Technology,1.12,11.4,28.70%,41847228,2.7,54,17.90%
87,CPB,Campbell Soup,Consumer Staples,0.49,-10.4,28.27%,12863091,2.85,14.84,7.27%
88,COF,Capital One Financial,Financials,1.55,-10.9,19.77%,56143800,27.01,4.67,2.90%
89,CAH,Cardinal Health Inc.,Health Care,0.9,-5.2,94.02%,14736875,4.86,10.79,3.22%
90,KMX,Carmax Inc,Consumer Discretionary,1.49,-29.1,24.82%,16473574,7.15,13.98,5.02%
91,CCL,Carnival Corp.,Consumer Discretionary,2.07,-43,-49.04%,17034508,-7.06,0,-14.48%
92,CAT,Caterpillar Inc.,Industrials,0.93,-6.3,35.57%,112418576,10.82,19.41,7.28%
93,CBOE,CBOE Holdings,Financials,0.67,3.6,18.62%,12267758,6.06,18.76,9.13%
94,CBG,CBRE Group,Real Estate,1.72,40.2,25.03%,16062219,2.71,17.5,8.47%
95,CBS,CBS Corp.,Consumer Discretionary,1.21,-21.9,44.13%,15277580,4.98,7.9,7.94%
96,CELG,Celgene Corp.,Health Care,1.41,46.3,78.15%,77035920,9.84,10.99,18.54%
97,CNC,Centene Corporation,Health Care,0.52,32.9,11.47%,48291196,5.15,15.84,4.08%
98,CNP,CenterPoint Energy,Utilities,0.92,26.5,14.46%,17849202,1.64,17.4,2.96%
99,CTL,CenturyLink Inc,Telecommunication Services,0.99,-14.2,11.35%,12072918,1.43,7.69,2.37%
100,CERN,Cerner,Health Care,0.82,32.2,21.44%,27310324,2.82,32.99,11.11%
101,CF,CF Industries Holdings Inc,Materials,1,111.3,24.09%,19142542,6.51,14.33,11.65%
102,SCHW,Charles Schwab Corporation,Financials,1,13,14.04%,144062752,3.24,23.36,1.08%
103,CHTR,Charter Communications,Consumer Discretionary,0.96,-19.2,20.47%,99999560,24.83,22.21,3.25%
104,CHK,Chesapeake Energy,Energy,,81.6,160.87%,9471533,6.41,0,79.86%
105,CVX,Chevron Corp.,Energy,1.13,71.9,11.50%,323819648,8.13,20.98,6.49%
106,CMG,Chipotle Mexican Grill,Consumer Discretionary,1.31,-10.6,32.65%,39823084,25.42,51.68,11.26%
107,CB,Chubb Limited,Financials,0.75,20.1,9.35%,86925136,12.59,15.7,2.83%
108,CHD,Church & Dwight,Consumer Staples,0.43,16.9,22.72%,23555684,3.03,31.46,10.06%
109,CI,CIGNA Corp.,Health Care,0.86,-2.2,14.59%,74223592,20.47,11.19,4.54%
110,XEC,Cimarex Energy,Energy,2.6,230.33,34.55%,8965294,5.47,16.45,11.61%
111,CINF,Cincinnati Financial,Financials,0.62,10.8,8.70%,19470272,6.41,18.61,3.50%
112,CTAS,Cintas Corporation,Industrials,1.51,-0.4,32.05%,38812740,10.71,34.31,14.20%
113,CSCO,Cisco Systems,Information Technology,0.97,9.8,30.95%,232301056,3.01,18.07,13.27%
114,C,Citigroup Inc.,Financials,1.69,-29.1,12.86%,110831080,10.94,5.02,1.02%
115,CFG,Citizens Financial Group,Financials,1.48,3,11.32%,20199494,5.35,8.53,1.28%
116,CTXS,Citrix Systems,Information Technology,0.03,-18.6,107.72%,12795954,3.18,31.92,5.98%
117,CME,CME Group Inc.,Financials,0.44,11.1,8.93%,82693888,6.69,33.29,1.33%
118,CMS,CMS Energy,Utilities,0.24,12.4,12.29%,18898148,2.77,23.8,2.69%
119,KO,Coca-Cola Company (The),Consumer Staples,0.66,14.5,42.21%,255619504,2.33,25.18,11.05%
120,CTSH,Cognizant Technology Solutions,Information Technology,1.1,17.4,19.00%,46138096,4.12,21.23,12.68%
121,CL,Colgate-Palmolive,Consumer Staples,0.63,-3.8,308.71%,63490392,3.2,23.4,17.34%
122,CMCSA,Comcast Corp.,Consumer Discretionary,0.93,-22.4,15.61%,209072560,3.24,14.24,5.43%
123,CMA,Comerica Inc.,Financials,1.37,22.3,15.47%,11565100,8.31,10.17,1.28%
124,CAG,Conagra Brands,Consumer Staples,0.79,-17.8,12.75%,14956984,2.27,13.63,4.90%
125,CXO,Concho Resources,Energy,1.98,-8.66,8.15%,12877608,4.31,16.19,5.36%
126,COP,ConocoPhillips,Energy,1.41,78,18.08%,125027488,6,16.47,9.22%
127,ED,Consolidated Edison,Utilities,0.2,26.2,7.63%,31294472,4.37,20.31,2.43%
128,STZ,Constellation Brands,Consumer Staples,1.19,-8.6,15.03%,40746128,9.65,22.24,7.16%
129,GLW,Corning Inc.,Information Technology,0.97,-9.8,21.65%,31829298,2.08,17.77,8.73%
130,COST,Costco Wholesale Corp.,Consumer Staples,0.67,51.5,30.10%,233976896,12.54,41.74,9.14%
131,COTY,"Coty, Inc",Consumer Staples,2.49,-14.9,6.43%,6605101,0.16,47.88,1.57%
132,CCI,Crown Castle International Corp.,Real Estate,0.55,1.7,13.46%,75188128,2.67,24.98,2.97%
133,CSRA,CSRA Inc.,Information Technology,0.84,36.2,68.98%,6758834,1.99,20.71,6.50%
134,CSX,CSX Corp.,Industrials,1.22,8.3,26.34%,75913224,1.56,22.43,8.75%
135,CMI,Cummins Inc.,Industrials,1.04,-28.7,23.63%,28263216,14.65,13.17,9.27%
136,CVS,CVS Health,Consumer Staples,0.82,38.9,15.15%,135976032,8.41,12.17,4.81%
137,DHI,D. R. Horton,Consumer Discretionary,1.68,-6.5,30.88%,29287690,12.46,6.45,19.70%
138,DHR,Danaher Corp.,Health Care,0.77,8.9,18.87%,189439808,10.06,25.57,9.39%
139,DRI,Darden Restaurants,Consumer Discretionary,1.43,-15.6,30.83%,16420196,6.25,19.63,7.90%
140,DVA,DaVita Inc.,Health Care,1.19,1,77.78%,10833750,9.11,12.29,5.72%
141,DE,Deere & Co.,Industrials,0.99,0.7,33.65%,113160336,18.04,20.23,6.98%
142,DAL,Delta Air Lines Inc.,Industrials,1.22,-37.4,-125.82%,20964104,-4.1,0,-3.54%
143,XRAY,Dentsply Sirona,Health Care,0.89,-21.2,12.51%,11162696,2.87,17.57,6.82%
144,DVN,Devon Energy Corp.,Energy,2.8,161.8,26.76%,39147948,3.52,16.9,11.50%
145,DLR,Digital Realty Trust Inc,Real Estate,0.32,-7.9,10.11%,38438948,6.1,20.44,4.89%
146,DFS,Discover Financial Services,Financials,1.61,-4.4,45.63%,30484728,17.77,5.81,4.91%
147,DISCA,Discovery Communications-A,Consumer Discretionary,1.15,-45.8,8.12%,12843461,1.6,15.79,3.04%
148,DISCK,Discovery Communications-C,Consumer Discretionary,1.17,-37.3,8.12%,12813086,-66.67%,15.77,3.04%
149,DISH,Dish Network,Consumer Discretionary,2.01,-24,16.48%,16367445,3.8,8.15,5.75%
150,DG,Dollar General,Consumer Discretionary,0.58,2.2,38.74%,48014324,10.21,19.52,9.54%
151,DLTR,Dollar Tree,Consumer Discretionary,0.73,47.1,18.07%,33237248,5.8,25.31,6.28%
152,D,Dominion Energy,Utilities,0.4,10.8,12.70%,65487444,3.86,21.13,3.21%
153,DOV,Dover Corp.,Industrials,1.41,2.5,28.99%,21781116,7.63,19.16,11.31%
154,DWDP,DowDuPont,Materials,1.29,-34.9,9.05%,71081784,3.83,8.14,4.71%
155,DPS,Dr Pepper Snapple Group,Consumer Staples,0.76,34.3,35.49%,22287242,4.5,27.32,8.07%
156,DTE,DTE Energy Co.,Utilities,0.65,17.7,12.59%,24224062,6.91,18.26,3.05%
157,DUK,Duke Energy,Utilities,0.33,12.9,8.52%,81034376,5.23,20.17,2.48%
158,DRE,Duke Realty Corp,Real Estate,0.72,24.5,14.86%,20811096,2.25,31.01,8.61%
159,DXC,DXC Technology,Information Technology,2.24,-9.6,16.81%,7329450,3.4,9.08,4.23%
160,ETFC,E*Trade,Financials,1.26,25.9,14.59%,10891189,3.62,13.83,1.32%
161,EMN,Eastman Chemical,Materials,1.49,-8.9,19.93%,14020111,8.86,11.86,7.57%
162,ETN,Eaton Corporation,Industrials,1.2,0.4,16.90%,59469048,6.63,22.05,7.65%
163,EBAY,eBay Inc.,Information Technology,1.16,-17.1,24.01%,31174290,3.39,15.73,8.46%
164,ECL,Ecolab Inc.,Materials,1.1,-30.7,19.87%,47319820,4.69,33.42,7.14%
165,EIX,Edison Int'l,Utilities,0.66,14.4,11.73%,24872578,4.58,14.23,2.57%
166,EW,Edwards Lifesciences,Health Care,1.15,16.2,26.53%,66123324,2.23,45.74,17.81%
167,EA,Electronic Arts,Information Technology,0.84,-8.4,18.59%,35298984,5.04,24.34,10.89%
168,EMR,Emerson Electric Company,Industrials,1.46,0.9,26.84%,56152616,4.32,21.69,10.40%
169,ETR,Entergy Corp.,Utilities,0.62,9.6,10.85%,21701930,6.02,18.17,2.09%
170,EVHC,Envision Healthcare,Health Care,0.31,44.9,5.04%,5582727,2.73,16.84,2.20%
171,EOG,EOG Resources,Energy,1.79,61,23.50%,66565688,8.6,13.7,13.55%
172,EQT,EQT Corporation,Energy,1.08,47.8,3.37%,9825481,0.9,28.46,1.48%
173,EFX,Equifax Inc.,Industrials,1.49,12.7,26.95%,27475228,7.64,28.44,9.18%
174,EQIX,Equinix,Real Estate,0.45,-2.8,6.65%,63885728,7.87,25.1,2.56%
175,EQR,Equity Residential,Real Estate,0.79,17.5,12.37%,32997992,3.54,28.22,6.47%
176,ESS,"Essex Property Trust, Inc.",Real Estate,0.74,17.5,6.60%,22284176,6.3,26.99,3.17%
177,EL,Estee Lauder Cos.,Consumer Staples,1.11,-12.5,44.71%,99594648,7.3,36.96,12.55%
178,RE,Everest Re Group Ltd.,Financials,0.62,8,11.48%,10818649,28.9,9.25,3.21%
179,ES,Eversource Energy,Utilities,0.42,0.4,9.29%,28998404,3.87,21.99,2.81%
180,EXC,Exelon Corp.,Utilities,0.58,44.9,6.59%,42584624,1.92,16.23,1.73%
181,EXPE,Expedia Inc.,Consumer Discretionary,1.54,0.8,5.96%,27207104,-0.82,0,0.79%
182,EXPD,Expeditors International,Industrials,0.89,-11.3,43.96%,17079312,8.26,12.12,21.70%
183,ESRX,Express Scripts,Health Care,0.88,35.7,25.43%,52061192,8.58,11.17,8.94%
184,EXR,Extra Space Storage,Real Estate,0.4,41.2,24.72%,26558268,6.18,28.49,8.78%
185,XOM,Exxon Mobil Corp.,Energy,1.16,47.1,13.67%,350499072,5.38,16.32,6.83%
186,FFIV,F5 Networks,Information Technology,1.11,-1.6,22.00%,12123304,7.99,24.35,10.17%
187,FB,"Facebook, Inc.",Information Technology,1.39,-40.5,29.71%,540305472,13.8,13.79,23.51%
188,FAST,Fastenal Co,Industrials,1.3,10,31.69%,31517118,1.61,33.64,22.07%
189,FRT,Federal Realty Investment Trust,Real Estate,1.14,4.7,10.73%,9386869,3.25,21.35,3.42%
190,FDX,FedEx Corporation,Industrials,1.31,-24.1,20.06%,57424080,17.68,11.54,5.77%
191,FIS,Fidelity National Information Services,Information Technology,0.73,-41.5,8.50%,56070184,6.56,13.15,4.94%
192,FITB,Fifth Third Bancorp,Financials,1.33,13.8,13.55%,30591290,3.74,11.22,1.33%
193,FE,FirstEnergy Corp,Utilities,0.34,28.5,18.38%,25140764,2.61,16.98,3.20%
194,FISV,Fiserv Inc,Information Technology,0.82,-22.8,11.61%,63560528,5.58,16.88,4.95%
195,FLIR,FLIR Systems,Information Technology,1.56,40.43,18.32%,7564981,2.55,22.56,10.48%
196,FLS,Flowserve Corporation,Industrials,1.6,-18.3,10.15%,4343691,1.39,23.63,3.63%
197,FLR,Fluor Corp.,Industrials,2.82,45.3,10.33%,3931893,0.93,29.71,2.26%
198,FMC,FMC Corporation,Materials,0.84,15.1,29.16%,15083879,6.93,16.95,8.45%
199,FL,Foot Locker Inc,Consumer Discretionary,1.41,-45.8,25.11%,3010036,7.77,3.85,10.29%
200,F,Ford Motor,Consumer Discretionary,1.13,15,18.55%,65549544,1.79,8.96,2.80%
201,FTV,Fortive Corp,Industrials,1.16,-21.8,10.75%,21001772,2.74,20.54,6.62%
202,FBHS,Fortune Brands Home & Security,Industrials,1.65,-12.8,26.45%,11400765,5.73,14.2,10.32%
203,BEN,Franklin Resources,Financials,1.15,-8.2,17.79%,14330619,4.09,6.75,8.90%
204,FCX,Freeport-McMoRan Inc.,Materials,2.01,34.2,21.55%,68360160,3.13,14.91,10.08%
205,GPS,Gap Inc.,Consumer Discretionary,1.72,-52.6,19.48%,5369536,1.43,10.11,4.17%
206,GRMN,Garmin Ltd.,Consumer Discretionary,1.01,-23.6,19.31%,21345378,5.82,18.9,15.06%
207,IT,Gartner Inc,Information Technology,1.58,34.8,149.70%,23303680,9.26,29.21,11.15%
208,GD,General Dynamics,Industrials,1.01,37.2,20.35%,65761660,11.55,20.37,6.43%
209,GE,General Electric,Industrials,0.96,-13.6,6.62%,100313128,2.13,41.38,1.09%
210,GGP,General Growth Properties Inc.,Real Estate,0.91,5.4,6.98%,21231868,0.6,14.06,2.53%
211,GIS,General Mills,Consumer Staples,0.52,7.2,23.58%,38671600,3.71,17.19,7.07%
212,GM,General Motors,Consumer Discretionary,1.21,-35.1,17.66%,61433724,7.09,5.67,4.37%
213,GPC,Genuine Parts,Consumer Discretionary,1.1,0.3,30.03%,17247982,6.91,17.33,7.08%
214,GILD,Gilead Sciences,Health Care,0.41,-12,45.27%,73979328,7.29,8.17,13.59%
215,GPN,Global Payments Inc.,Information Technology,1.06,-40.4,8.51%,36120100,7.67,16.06,5.00%
216,GS,Goldman Sachs Group,Financials,1.47,-10.9,22.97%,111683600,59.36,5.41,1.55%
217,GT,Goodyear Tire & Rubber,Consumer Discretionary,2,-36.6,12.63%,3700363,2.04,6.08,2.72%
218,GWW,Grainger (W.W.) Inc.,Industrials,1.25,20.8,48.91%,24910552,19.84,24.7,16.12%
219,HAL,Halliburton Co.,Energy,2.41,67.8,16.76%,31306250,1.09,33.72,4.55%
220,HBI,Hanesbrands Inc,Consumer Discretionary,1.5,-26.6,108.09%,5329663,1.83,8.54,8.95%
221,HOG,Harley-Davidson,Consumer Discretionary,1.35,-0.8,30.27%,6013670,4.42,8.43,6.16%
222,HRS,Harris Corporation,Information Technology,1.03,34.4,27.13%,22341170,7.63,24.83,9.36%
223,HIG,Hartford Financial Svc.Gp.,Financials,1.02,13.6,12.39%,22515516,6.17,10.68,2.89%
224,HAS,Hasbro Inc.,Consumer Discretionary,1,-8.3,24.17%,12496674,5.22,16.88,7.13%
225,HCA,HCA Holdings,Health Care,1.61,36.5,303.35%,80259696,17.5,14.74,11.76%
226,HCP,HCP Inc.,Real Estate,,,0.00%,7558018,,0,0.00%
227,HP,Helmerich & Payne,Energy,1.92,63,-8.10%,4379512,-2.24,0,-5.15%
228,HSIC,Henry Schein,Health Care,0.75,27.2,15.84%,11739266,4.52,18.63,7.81%
229,HES,Hess Corporation,Energy,1.76,37.7,10.24%,29950600,2.19,44.12,3.47%
230,HPE,Hewlett Packard Enterprise,Information Technology,1.16,6.3,20.07%,21283228,2.78,5.79,6.57%
231,HLT,Hilton Worldwide Holdings Inc,Consumer Discretionary,1.26,7.8,-46.88%,38666336,2.08,64.38,3.78%
232,HOLX,Hologic,Health Care,1.11,-0.6,48.46%,17788862,7.7,9.05,22.83%
233,HD,Home Depot,Consumer Discretionary,1.06,4,2082.76%,331232608,15.52,20.41,22.80%
234,HON,Honeywell Int'l Inc.,Industrials,1.13,-18.4,30.52%,127150832,8.05,22.76,8.79%
235,HRL,Hormel Foods Corp.,Consumer Staples,0.1,7.7,13.94%,27079670,1.76,28.57,8.05%
236,HST,Host Hotels & Resorts,Real Estate,1.26,7,-0.18%,12904691,-0.03,28.13,-0.09%
237,HPQ,HP Inc.,Information Technology,0.98,21.2,-164.36%,37973844,3.97,8.97,12.56%
238,HUM,Humana Inc.,Health Care,0.95,5.6,17.39%,54347516,20.63,20.58,6.47%
239,HBAN,Huntington Bancshares,Financials,1.21,-11.8,13.42%,21154276,1.54,9.21,1.30%
240,HII,Huntington Ingalls Industries,Industrials,0.92,7.4,24.06%,8323708,13.52,15.49,5.82%
241,IDXX,IDEXX Laboratories,Health Care,1,-4,102.84%,44645232,8.61,58.98,31.16%
242,INFO,IHS Markit Ltd.,Industrials,1.05,8.1,12.16%,43344080,2.73,39.49,6.56%
243,ITW,Illinois Tool Works,Industrials,1.11,-9,74.43%,65016844,8.18,24.88,16.48%
244,ILMN,Illumina Inc,Health Care,0.93,-26.5,11.35%,50979472,5.96,52.6,7.48%
245,INCY,Incyte,Health Care,0.7,-8.1,14.66%,15937614,2.08,34.21,11.04%
246,IR,Ingersoll-Rand PLC,Industrials,1.5,-7.7,8.35%,19796402,1.8,25.52,4.86%
247,INTC,Intel Corp.,Information Technology,0.55,-23.7,25.52%,193949360,5.47,8.68,13.94%
248,ICE,Intercontinental Exchange,Financials,0.84,10.5,13.62%,72355296,5.14,24.25,1.92%
249,IBM,International Business Machines,Information Technology,1.1,-5,42.49%,113510912,9.97,12.61,6.31%
250,IP,International Paper,Materials,0.97,-28,17.84%,15871270,3.95,10.53,5.28%
251,IPG,Interpublic Group,Consumer Discretionary,1.01,6.5,32.29%,13307968,2.6,12.52,5.81%
252,IFF,Intl Flavors & Fragrances,Materials,1.04,-18,6.37%,30771042,5.67,21.11,3.39%
253,INTU,Intuit Inc.,Information Technology,1.14,1.4,20.37%,131434048,8.31,53.21,12.69%
254,ISRG,Intuitive Surgical Inc.,Health Care,1.17,0.3,15.33%,99604816,4.67,57.71,13.55%
255,IVZ,Invesco Ltd.,Financials,1.18,-27.4,14.48%,9247272,3.09,6.27,5.02%
256,IQV,IQVIA Holdings Inc.,Health Care,1.46,2.8,27.51%,41850476,8.43,24.98,6.76%
257,IRM,Iron Mountain Incorporated,Real Estate,0.83,35.9,45.09%,14793059,1.53,16.26,3.12%
258,JBHT,J. B. Hunt Transport Services,Industrials,1.05,22.3,26.32%,20936638,7.14,27.15,11.80%
259,JEC,Jacobs Engineering Group,Industrials,1.35,35.2,11.42%,11438093,4.85,17.53,5.42%
260,SJM,JM Smucker,Consumer Staples,0.31,3.4,11.30%,14027958,8.55,15.43,5.73%
261,JNJ,Johnson & Johnson,Health Care,0.71,5.2,37.46%,445292832,9.8,17.22,14.75%
262,JCI,Johnson Controls International,Industrials,1.16,-7.1,10.58%,44142872,2.77,21.72,4.74%
263,JPM,JPMorgan Chase & Co.,Financials,1.13,-20.3,19.01%,394022848,15.35,8.36,1.30%
264,JNPR,Juniper Networks,Information Technology,0.88,31.5,9.02%,10873716,1.19,27.63,4.50%
265,KSU,Kansas City Southern,Industrials,1.1,39.3,16.69%,26710820,7.88,37.9,7.02%
266,K,Kellogg Co.,Consumer Staples,0.57,-0.4,36.15%,21154302,4.17,15.02,7.82%
267,KEY,KeyCorp,Financials,1.35,8.6,15.93%,21635384,2.62,8.55,1.37%
268,KMB,Kimberly-Clark,Consumer Staples,0.51,-11,284.26%,41638856,6.19,19.9,11.86%
269,KIM,Kimco Realty,Real Estate,1.5,20,10.55%,14758086,1.59,17.16,5.56%
270,KMI,Kinder Morgan,Energy,0.94,13.3,9.49%,41563004,1.32,14.14,4.27%
271,KLAC,KLA-Tencor Corp.,Information Technology,1.26,6.3,79.07%,51176784,18.51,17.39,26.44%
272,KSS,Kohl's Corp.,Consumer Discretionary,1.92,-15.7,21.86%,7514533,7.38,7.23,7.12%
273,KHC,Kraft Heinz Co,Consumer Staples,0.98,0.4,7.21%,46722396,2.94,13.15,3.76%
274,KR,Kroger Co.,Consumer Staples,0.43,50.9,29.97%,40689064,3.68,15.14,5.72%
275,LB,L Brands Inc.,Consumer Discretionary,1.75,181.81,-137.83%,21999152,5.66,14.04,14.55%
276,LLL,L-3 Communications Holdings,Industrials,1.15,-34.5,0.00%,6238,11.11%,0,0.00%
277,LH,Laboratory Corp. of America Holding,Health Care,1.06,3.3,27.08%,24809842,28.51,9.11,13.55%
278,LRCX,Lam Research,Information Technology,1.25,-13,78.38%,72164744,32.47,15.1,29.28%
279,LEG,Leggett & Platt,Consumer Discretionary,1.43,-28.3,24.51%,4944627,2.78,13.16,7.40%
280,LEN,Lennar Corp.,Consumer Discretionary,1.56,-10.2,19.45%,26152000,12.62,6.64,12.26%
281,LUK,Leucadia National Corp.,Financials,1.27,-7.9,4.80%,8086354,1.25,18.81,1.04%
282,LLY,Lilly (Eli) & Co.,Health Care,0.41,26.3,96.36%,250267280,8.17,31.82,15.52%
283,LNC,Lincoln National,Financials,2.01,-6.6,7.49%,10738772,8.17,7.27,0.41%
284,LKQ,LKQ Corporation,Consumer Discretionary,1.66,-6.7,20.13%,12851281,3.96,10.74,9.41%
285,LMT,Lockheed Martin Corp.,Industrials,0.8,38.2,91.52%,122198568,27.59,16.27,14.84%
286,L,Loews Corp.,Financials,0.88,18.1,5.75%,15147768,61.18%,14.2,1.35%
287,LOW,Lowe's Cos.,Consumer Discretionary,1.34,24.5,-551.52%,152185984,11.97,18.65,17.35%
288,LYB,LyondellBasell,Materials,1.39,-6.9,56.72%,32266344,18.19,5.28,16.45%
289,MTB,M&T Bank Corp.,Financials,0.95,14.3,12.14%,22349980,14.12,11.91,1.25%
290,MAC,Macerich,Real Estate,1.88,-2.5,0.46%,3215640,-0.03,7.32,0.16%
291,M,Macy's Inc.,Consumer Discretionary,1.92,24.7,53.59%,7230340,5.36,4.32,9.22%
292,MRO,Marathon Oil Corp.,Energy,2.76,114.9,11.60%,17099902,1.59,15.15,7.07%
293,MPC,Marathon Petroleum,Energy,1.91,35.4,4.74%,42133236,2.5,30.49,1.76%
294,MAR,Marriott Int'l.,Consumer Discretionary,1.68,7.4,125.04%,52036816,3.18,48.05,4.25%
295,MMC,Marsh & McLennan,Financials,0.96,19.5,30.91%,76581320,6.18,23.94,9.55%
296,MLM,Martin Marietta Materials,Materials,0.78,4.8,12.31%,23299542,12.25,29.45,6.13%
297,MAS,Masco Corp.,Industrials,1.38,-12,856.22%,12982396,3.69,14.22,16.76%
298,MA,Mastercard Inc.,Information Technology,1.09,-16.3,122.90%,320739200,8.41,37.38,23.34%
299,MAT,Mattel Inc.,Consumer Discretionary,1.47,17.8,47.84%,8393903,1.3,17.42,8.08%
300,MKC,McCormick & Co.,Consumer Staples,0.48,16.2,19.01%,26301072,3.05,31.98,6.43%
301,MCD,McDonald's Corp.,Consumer Discretionary,0.61,-3.5,-119.62%,165425360,9.28,24.01,13.31%
302,MCK,McKesson Corp.,Health Care,0.7,54.2,-1931.18%,41423644,22.91,11.91,5.63%
303,MDT,Medtronic plc,Health Care,0.74,-17.1,14.57%,138956608,5.6,18.59,8.23%
304,MRK,Merck & Co.,Health Care,0.45,2.8,47.24%,196493200,6.26,12.29,16.70%
305,MET,MetLife Inc.,Financials,1.18,4.9,11.96%,53168032,9.13,6.79,1.06%
306,MTD,Mettler Toledo,Health Care,1.09,16.5,438.50%,31661330,33.91,38.84,25.01%
307,MGM,MGM Resorts International,Consumer Discretionary,2.34,-2,-2.23%,17689848,-0.66,0,-0.64%
308,KORS,Michael Kors Holdings,Consumer Discretionary,0.33,-49.6,36.66%,5696721,4.99,7.45,18.68%
309,MCHP,Microchip Technology,Information Technology,1.56,-8.6,38.44%,39408644,3.8,18.08,13.22%
310,MU,Micron Technology,Information Technology,1.17,-8.9,19.01%,88955088,7.15,10.79,14.27%
311,MSFT,Microsoft Corp.,Information Technology,0.91,13.4,45.73%,2162845920,8.87,31.1,20.41%
312,MAA,Mid-America Apartments,Real Estate,0.74,41.8,8.76%,24417690,4.61,29.7,4.75%
313,MHK,Mohawk Industries,Consumer Discretionary,1.54,-34,11.93%,8905616,14.84,8.65,7.11%
314,TAP,Molson Coors Brewing Company,Consumer Staples,0.94,12.9,6.78%,11387268,4.15,12.52,3.25%
315,MDLZ,Mondelez International,Consumer Staples,0.71,3.3,14.58%,85497840,2.85,21.33,6.05%
316,MON,Monsanto Co.,Materials,,0.3,0.00%,305000,,0,0.00%
317,MNST,Monster Beverage,Consumer Staples,1.15,-19.8,22.79%,40591248,2.57,28.21,19.09%
318,MCO,Moody's Corp,Financials,1.21,-0.3,91.13%,59877008,12.3,25.53,17.07%
319,MS,Morgan Stanley,Financials,1.48,-4,15.46%,156831616,8.23,10.12,1.31%
320,MSI,Motorola Solutions Inc.,Information Technology,0.86,12.8,-542.03%,37291932,8.53,25.1,13.12%
321,MYL,Mylan N.V.,Health Care,1.45,-23.1,20.59%,8586212,4.73,3.29,7.96%
322,NDAQ,"Nasdaq, Inc.",Financials,0.9,4.4,19.78%,27731372,7.57,21.8,6.80%
323,NOV,National Oilwell Varco Inc.,Energy,1.98,51,-3.65%,8300938,-0.49,0,-1.95%
324,NAVI,Navient,Financials,1.74,5,20.46%,2537579,3.11,5.13,0.67%
325,NTAP,NetApp,Information Technology,1.23,8.6,126.47%,17976458,4.21,18.75,10.34%
326,NFLX,Netflix Inc.,Information Technology,0.99,-37.4,35.34%,159289488,11.24,30.41,12.15%
327,NWL,Newell Brands,Consumer Discretionary,0.86,-13.5,19.43%,9601278,1.82,12.15,5.40%
328,NFX,Newfield Exploration Co,Energy,1.85,-44,43.65%,3429875,3.48,4.7,13.21%
329,NEM,Newmont Mining Corporation,Materials,0.27,38.3,10.19%,60206380,2.95,26.31,5.85%
330,NWSA,News Corp. Class A,Consumer Discretionary,1.33,-20.3,5.95%,12453112,0.92,22.1,3.36%
331,NWS,News Corp. Class B,Consumer Discretionary,1.39,-14.2,5.95%,12682962,91.30%,22.35,3.36%
332,NEE,NextEra Energy,Utilities,0.38,3.6,11.10%,157647680,2.54,32.26,3.67%
333,NLSN,Nielsen Holdings,Industrials,1.41,-31.2,18.79%,6521058,1.72,10.05,5.51%
334,NKE,Nike,Consumer Discretionary,0.97,-18,45.73%,200745408,3.82,31.73,16.37%
335,NI,NiSource Inc.,Utilities,0.31,32.1,11.61%,12019665,1.4,21.15,2.62%
336,NBL,Noble Energy Inc,Energy,2.62,-28.8,-1.41%,4058846,-0.21,0,-0.54%
337,JWN,Nordstrom,Consumer Discretionary,2.33,-27.4,70.74%,3826699,1.47,16.57,2.63%
338,NSC,Norfolk Southern Corp.,Industrials,1.37,-1.9,21.28%,63250776,12.12,21.92,7.82%
339,NTRS,Northern Trust Corp.,Financials,1.12,-2.4,14.16%,22459220,7.13,14.72,0.90%
340,NOC,Northrop Grumman Corp.,Industrials,0.75,49.3,35.83%,70233416,25.62,17.53,9.79%
341,NCLH,Norwegian Cruise Line,Consumer Discretionary,2.57,-47.7,-87.97%,7219758,-8.08,0,-15.74%
342,NRG,NRG Energy,Utilities,0.92,-8.3,64.00%,9177599,7.67,4.88,8.17%
343,NUE,Nucor Corp.,Materials,1.32,75.8,51.41%,34988940,23.39,5.39,28.77%
344,NVDA,Nvidia Corporation,Information Technology,1.41,53.9,42.99%,575350016,3.82,56.28,25.17%
345,ORLY,O'Reilly Automotive,Consumer Discretionary,1.02,34.7,3880.90%,44935688,31.1,21.07,18.30%
346,OXY,Occidental Petroleum,Energy,2.01,83.4,31.13%,53708680,2.52,21.67,3.68%
347,OMC,Omnicom Group,Consumer Discretionary,0.75,-0.3,36.60%,16343661,6.39,11.72,5.23%
348,OKE,ONEOK,Energy,1.79,31.3,25.14%,29722250,3.36,19.86,6.37%
349,ORCL,Oracle Corp.,Information Technology,0.82,0.5,1087.71%,203221024,4.49,16.33,10.90%
350,PCAR,PACCAR Inc.,Industrials,0.92,-8,16.58%,30349984,5.31,15.73,6.46%
351,PKG,Packaging Corporation of America,Materials,0.83,9,25.55%,14025419,9.39,14.99,11.28%
352,PH,Parker-Hannifin,Industrials,1.67,-13.8,27.26%,35727160,17.21,15.78,10.89%
353,PDCO,Patterson Companies,Health Care,1.41,2.8,18.99%,3120975,1.94,16.17,6.74%
354,PAYX,Paychex Inc.,Information Technology,0.97,24,41.78%,44120580,3.48,34.03,13.31%
355,PYPL,PayPal,Information Technology,1.3,-67.8,20.30%,116756800,3.61,26.29,5.76%
356,PNR,Pentair Ltd.,Industrials,1.16,-18.2,24.73%,9166296,3.41,15.74,12.70%
357,PBCT,People's United Financial,Financials,0.97,15.7,8.51%,8760991,1.47,13.47,1.00%
358,PEP,PepsiCo Inc.,Consumer Staples,0.64,11.7,56.42%,217629568,6.25,25.26,9.41%
359,PKI,PerkinElmer,Health Care,1.11,27.8,23.73%,21776660,11.42,14.48,11.18%
360,PRGO,Perrigo,Health Care,1.01,-15,5.19%,4932653,2.05,17.57,2.53%
361,PFE,Pfizer Inc.,Health Care,0.76,30.5,34.53%,274138176,4.42,10.73,14.65%
362,PCG,PG&E Corp.,Utilities,1.32,-3,10.07%,27127442,1.02,10.63,2.11%
363,PM,Philip Morris International,Consumer Staples,0.78,1.2,-106.51%,145389360,6.07,15.48,23.22%
364,PSX,Phillips 66,Energy,1.51,-7.2,12.11%,34791960,5.7,14.79,4.49%
365,PNW,Pinnacle West Capital,Utilities,0.26,-5.6,10.38%,8272268,5.47,13.46,2.92%
366,PXD,Pioneer Natural Resources,Energy,1.58,51,15.04%,55960476,13.03,18.22,9.23%
367,PNC,PNC Financial Services,Financials,1.29,-1.9,12.86%,78146472,16.03,11.33,1.33%
368,RL,Polo Ralph Lauren Corp.,Consumer Discretionary,1.45,-15.2,22.59%,7731582,8.23,12.27,7.66%
369,PPG,PPG Industries,Materials,1.23,-26.9,25.70%,28798958,6.77,17.39,7.55%
370,PPL,PPL Corp.,Utilities,0.77,-7.7,5.88%,19626812,1.05,25.04,2.12%
371,PX,Praxair Inc.,Materials,,,0.00%,1429303,20.00%,0,0.00%
372,PCLN,Priceline.com Inc,Consumer Discretionary,1.38,8.9,33.02%,92938064,74.45,25.61,16.35%
373,PFG,Principal Financial Group,Financials,1.52,3.2,11.55%,17285456,6.77,9.58,0.62%
374,PG,Procter & Gamble,Consumer Staples,0.47,12.1,31.99%,360015680,5.66,25.93,12.16%
375,PGR,Progressive Corp.,Financials,0.47,12,14.69%,60882780,4.42,23.48,3.75%
376,PLD,Prologis,Real Estate,0.85,40.6,7.99%,111355200,3.94,35.5,5.16%
377,PRU,Prudential Financial,Financials,1.53,9.4,9.62%,40190640,14.86,6.98,0.64%
378,PEG,Public Serv. Enterprise Inc.,Utilities,0.56,12.5,12.22%,33046776,3.65,18.27,3.74%
379,PSA,Public Storage,Real Estate,0.24,47.4,39.08%,64856020,9.87,28.4,13.21%
380,PHM,Pulte Homes Inc.,Consumer Discretionary,1.45,-6.8,27.05%,11853192,7.33,6.29,15.47%
381,PVH,PVH Corp.,Consumer Discretionary,2.24,-37.8,10.13%,5273541,6.93,10.01,3.88%
382,QRVO,Qorvo,Information Technology,1.4,-30.8,27.27%,14026762,11.29,11.44,17.15%
383,QCOM,QUALCOMM Inc.,Information Technology,1.24,13,104.90%,175963200,8.45,17.84,24.18%
384,PWR,Quanta Services Inc.,Industrials,1.14,34.2,13.85%,16940158,4.43,26.37,6.32%
385,DGX,Quest Diagnostics,Health Care,1.11,3.6,28.50%,16195709,14.23,9.44,13.54%
386,RRC,Range Resources Corp.,Energy,2.06,153.5,31.21%,6994055,2.02,12.94,7.94%
387,RJF,Raymond James Financial Inc.,Financials,1.09,13.1,20.04%,19904880,7.68,12.1,2.68%
388,RTN,Raytheon Co.,Industrials,1.21,-49.9,27.22%,32494064,11.93,9.8,10.19%
389,O,Realty Income Corporation,Real Estate,0.79,-1.3,2.32%,38536388,0.94,18.08,1.31%
390,RHT,Red Hat Inc.,Information Technology,0.45,6.6,36.67%,33429838,3.03,61.95,10.59%
391,REG,Regency Centers Corporation,Real Estate,1.13,10.9,5.47%,11718485,1.95,17.55,3.10%
392,REGN,Regeneron,Health Care,0.19,25.9,55.11%,67045524,77.15,7.97,39.37%
393,RF,Regions Financial Corp.,Financials,1.32,2.5,15.33%,21401204,2.5,8.56,1.62%
394,RSG,Republic Services Inc,Industrials,0.8,22.9,15.04%,39797524,4.15,29.67,5.49%
395,RMD,ResMed,Health Care,0.34,21.1,28.12%,35860964,5.63,42.42,17.62%
396,RHI,Robert Half International,Industrials,1.46,35.9,46.46%,12415648,5.35,20.07,21.40%
397,ROK,Rockwell Automation Inc.,Industrials,1.43,-5.8,42.24%,31493762,9.19,29.76,11.25%
398,COL,Rockwell Collins,Industrials,0.74,6.7,17.75%,23182744,6.93,20.44,6.31%
399,ROP,Roper Technologies,Industrials,1.07,6.9,14.01%,46812752,15,29.24,6.59%
400,ROST,Ross Stores,Consumer Discretionary,1.08,-32.4,44.17%,31294438,4.86,17.67,12.62%
401,RCL,Royal Caribbean Cruises Ltd,Consumer Discretionary,2.51,-28.7,-67.57%,17355504,-19.19,0,-14.54%
402,SPGI,"S&P Global, Inc.",Financials,1.05,3.1,205.36%,94353912,13.7,28.33,23.93%
403,CRM,Salesforce.com,Information Technology,1.1,-15.3,4.76%,200112608,2.63,73.03,3.02%
404,SBAC,SBA Communications,Real Estate,0.41,15.4,-4.72%,35735096,2.13,30.25,2.43%
405,SCG,SCANA Corp,Utilities,0.08,17.8,10.04%,6814862,3.33,14.68,2.53%
406,SLB,Schlumberger Ltd.,Energy,2.02,59.2,13.32%,60138088,1.28,35.22,4.43%
407,SNI,Scripps Networks Interactive Inc.,Consumer Discretionary,1.31,17.7,26.63%,11714205,5.75,15.67,11.71%
408,STX,Seagate Technology,Information Technology,1.04,7.4,322.33%,19786190,7.83,11.57,20.49%
409,SEE,Sealed Air,Materials,1.25,32.3,378.45%,9542858,3.55,17.21,8.90%
410,SRE,Sempra Energy,Utilities,0.6,23.2,11.14%,48633656,8.44,18.17,3.94%
411,SHW,Sherwin-Williams,Materials,1.17,-11.6,78.98%,62935000,8.14,29.47,10.59%
412,SIG,Signet Jewelers,Consumer Discretionary,2.52,-5,50.61%,3548369,11.38,5.66,11.31%
413,SPG,Simon Property Group Inc,Real Estate,1.51,5.2,58.02%,43561976,6.52,11.31,6.26%
414,SWKS,Skyworks Solutions,Information Technology,1.1,-27,30.57%,22003044,9.31,14.19,20.44%
415,SLG,SL Green Realty,Real Estate,1.4,4.9,8.92%,5121443,6.56,11.5,3.99%
416,SNA,Snap-On Inc.,Consumer Discretionary,1.2,-7,20.26%,11098744,14.93,13.82,12.24%
417,SO,Southern Co.,Utilities,0.5,11,11.02%,71162448,3.41,19.89,2.86%
418,LUV,Southwest Airlines,Industrials,1.01,-34.6,-12.89%,24067468,-2.16,0,-3.46%
419,SWK,Stanley Black & Decker,Consumer Discretionary,1.4,-26.1,17.27%,24937318,11.12,13.41,7.21%
420,SBUX,Starbucks Corp.,Consumer Discretionary,0.91,-26,-56.17%,100766280,3.35,25.07,13.42%
421,STT,State Street Corp.,Financials,1.54,-6,11.50%,30595880,7.44,10.67,0.87%
422,SRCL,Stericycle Inc,Industrials,1.31,-20.4,8.26%,5210605,2.2,24.89,3.67%
423,SYK,Stryker Corp.,Health Care,0.98,-0.8,24.65%,94269216,9.09,27.03,10.22%
424,STI,SunTrust Banks,Financials,1.53,23.8,11.40%,31140524,5.71,12.13,1.20%
425,SYMC,Symantec Corp.,Information Technology,1.28,9.5,14.94%,14678260,1.31,17.87,5.33%
426,SYF,Synchrony Financial,Financials,1.65,-25.4,30.77%,18870046,7,5.01,4.28%
427,SNPS,Synopsys Inc.,Information Technology,1.17,23.6,16.74%,47122340,5.57,53.2,10.17%
428,SYY,Sysco Corp.,Consumer Staples,1.29,-2.2,82.36%,40889444,2.33,32.32,5.53%
429,TROW,T. Rowe Price Group,Financials,1.28,-30.9,35.83%,31677558,12.76,10.57,26.04%
430,TPR,"Tapestry, Inc.",Consumer Discretionary,1.41,-22.1,31.10%,9471961,3.4,9.54,11.90%
431,TGT,Target Corp.,Consumer Discretionary,1.06,7.7,47.35%,103490784,13.55,15.41,12.72%
432,TEL,TE Connectivity Ltd.,Information Technology,1.35,-8,21.87%,42561000,6.81,18.91,10.66%
433,FTI,TechnipFMC,Energy,1.95,-8.9,-3.40%,3362222,-0.27,0,-1.15%
434,TXN,Texas Instruments,Information Technology,0.94,-5.7,66.40%,159274912,8.26,20.26,35.24%
435,TXT,Textron Inc.,Industrials,1.72,18,11.99%,15174241,3.3,20.48,4.83%
436,BK,The Bank of New York Mellon Corp.,Financials,1.14,4.3,9.51%,42114792,4.18,12.14,0.82%
437,CLX,The Clorox Company,Consumer Staples,0.24,-31.4,86.36%,16865404,4.44,31.18,8.79%
438,COO,The Cooper Companies,Health Care,0.85,-2,9.89%,19107556,13.31,28.58,6.65%
439,HSY,The Hershey Company,Consumer Staples,0.39,33.4,60.73%,42049984,7.18,28.41,15.81%
440,MOS,The Mosaic Company,Materials,1.59,95.3,18.45%,21258796,5.04,11.55,9.09%
441,TRV,The Travelers Companies Inc.,Financials,0.69,12.1,12.27%,41386028,13.98,12.05,2.95%
442,DIS,The Walt Disney Company,Consumer Discretionary,1.17,-34.5,6.26%,243327600,3.02,43.63,2.85%
443,TMO,Thermo Fisher Scientific,Health Care,0.82,11.2,26.34%,211908704,25.11,20.87,13.20%
444,TIF,Tiffany & Co.,Consumer Discretionary,0.74,1.55,10.10%,15960691,2.7,48.69,4.83%
445,TWX,Time Warner Inc.,Consumer Discretionary,0.88,-6,19.99%,77269744,42.50%,14.05,8.17%
446,TJX,TJX Companies Inc.,Consumer Discretionary,0.98,-13.8,55.47%,72992208,2.85,21.05,11.79%
447,TMK,Torchmark Corp.,Financials,0.95,2.6,12.90%,9685802,6.46,13.31,3.10%
448,TSS,Total System Services,Information Technology,0.86,44.8,32.26%,23586124,4.49,29.97,10.68%
449,TSCO,Tractor Supply Company,Consumer Discretionary,0.97,28.9,50.77%,25356784,8.62,25.44,13.05%
450,TDG,TransDigm Group,Industrials,1.48,2.1,-23.98%,35159028,11.76,50.75,3.83%
451,TRIP,TripAdvisor,Consumer Discretionary,1.4,-59.2,-17.49%,3301804,-1.01,0,-5.97%
452,FOXA,Twenty-First Century Fox Class A,Consumer Discretionary,0.94,0.3,14.45%,23005844,2.77,15.1,7.07%
453,FOX,Twenty-First Century Fox Class B,Consumer Discretionary,1.02,-2.4,14.45%,21069460,-88.29%,13.79,7.07%
454,TSN,Tyson Foods,Consumer Staples,0.78,21.7,19.90%,32853918,9.21,10.02,9.61%
455,USB,U.S. Bancorp,Financials,1.01,-5,16.42%,80887496,5.1,10.44,1.40%
456,UDR,UDR Inc,Real Estate,0.76,23.9,4.50%,18227038,0.44,28.15,1.36%
457,ULTA,Ulta Salon Cosmetics & Fragrance Inc,Consumer Discretionary,1.65,13.6,46.16%,20203534,16.01,22.42,17.43%
458,UAA,Under Armour Class A,Consumer Discretionary,1.28,-42.5,20.66%,7268888,0.85,16.69,8.10%
459,UA,Under Armour Class C,Consumer Discretionary,1.33,-36,20.66%,6554384,-54.84%,15.35,8.10%
460,UNP,Union Pacific,Industrials,1.17,19.7,44.50%,161562160,9.95,25.47,10.45%
461,UAL,United Continental Holdings,Industrials,1.4,-43.5,-87.27%,11329449,-14.03,0,-6.64%
462,UNH,United Health Group Inc.,Health Care,0.87,33.5,25.11%,456872320,19.01,24.91,8.65%
463,UPS,United Parcel Service,Industrials,1.11,17.5,96.17%,179979440,12.13,16.77,16.18%
464,URI,"United Rentals, Inc.",Industrials,1.84,-4.2,30.14%,22870140,22.08,14.07,8.26%
465,UTX,United Technologies,Industrials,1.42,-37.1,16.60%,74498848,8.26,11.06,5.14%
466,UHS,"Universal Health Services, Inc.",Health Care,1.06,12.6,15.41%,11315004,11.82,12.63,7.65%
467,UNM,Unum Group,Financials,1.52,-2.7,8.09%,5578613,4.35,6.11,1.27%
468,VFC,V.F. Corp.,Consumer Discretionary,1.46,-38.9,34.69%,20802368,3,17.32,8.61%
469,VLO,Valero Energy,Energy,1.96,15.3,5.30%,35625968,2.44,37.11,1.81%
470,VAR,Varian Medical Systems,Health Care,1.08,42.84,17.55%,16261930,3.89,45.53,8.04%
471,VTR,Ventas Inc,Real Estate,1.14,6,0.46%,23094864,0.14,19.88,0.20%
472,VRSN,Verisign Inc.,Information Technology,0.92,3.3,-45.19%,23089900,5.52,37.47,33.94%
473,VRSK,Verisk Analytics,Industrials,0.85,2.2,31.34%,30203470,5.31,34.85,11.24%
474,VZ,Verizon Communications,Telecommunication Services,0.4,-5,28.94%,222820512,5.4,9.86,6.33%
475,VRTX,Vertex Pharmaceuticals Inc,Health Care,0.58,19.1,32.33%,60905000,11.77,20.28,24.26%
476,VIAB,Viacom Inc.,Consumer Discretionary,1.37,-20.6,20.04%,9770493,4.06,5.78,7.05%
477,V,Visa Inc.,Information Technology,0.93,-14.8,40.11%,382384352,6.3,30.43,16.73%
478,VNO,Vornado Realty Trust,Real Estate,1.24,-1.2,2.52%,8834793,0.46,15.55,0.81%
479,VMC,Vulcan Materials,Materials,0.7,-1.2,10.60%,23473642,5.05,33.85,5.37%
480,WMT,Wal-Mart Stores,Consumer Staples,0.53,1.4,20.42%,386845056,6.45,21.51,7.50%
481,WBA,Walgreens Boots Alliance,Consumer Staples,0.56,-9,20.28%,41540648,5.76,8.24,5.55%
482,WM,Waste Management Inc.,Industrials,0.86,15.2,28.14%,62179756,4.85,30.51,7.05%
483,WAT,Waters Corporation,Health Care,0.9,7.6,239.12%,19597436,11.22,27.37,22.18%
484,WEC,Wec Energy Group Inc,Utilities,0.27,2.7,11.80%,29209742,4.11,22.87,3.41%
485,WFC,Wells Fargo,Financials,1.17,16,12.73%,187523616,4.98,9.33,1.11%
486,HCN,Welltower Inc.,Real Estate,0.15,-31.6,4.35%,19340198,1.55,12.92,2.24%
487,WDC,Western Digital,Information Technology,1.6,-35.1,20.03%,14948092,6.99,6.55,8.49%
488,WU,Western Union Co,Information Technology,0.9,-28.5,291.68%,6996928,2.19,8.09,9.97%
489,WRK,WestRock Company,Materials,1.11,-21,8.00%,11183962,3.42,11.92,3.15%
490,WY,Weyerhaeuser Corp.,Real Estate,1.67,8.8,24.73%,29099448,3.37,11.43,14.34%
491,WHR,Whirlpool Corp.,Consumer Discretionary,1.75,-11.1,32.84%,11511200,26.66,7.22,8.25%
492,WMB,Williams Cos.,Energy,1.26,40.3,11.60%,39506772,1.35,24.34,3.56%
493,WLTW,Willis Towers Watson,Financials,0.77,7.83,15.12%,28853764,13.26,17.67,4.52%
494,WYN,Wyndham Worldwide,Consumer Discretionary,1.36,1.6,94.95%,10820143,6.38,17.37,6.21%
495,WYNN,Wynn Resorts Ltd,Consumer Discretionary,2.31,-43.4,0.00%,8955516,-6.14,0,-5.42%
496,XEL,Xcel Energy Inc,Utilities,0.34,11.1,10.60%,38007904,2.96,23.71,2.79%
497,XRX,Xerox Corp.,Information Technology,1.7,-30.4,5.76%,2948855,1.51,11.86,2.10%
498,XLNX,Xilinx Inc,Information Technology,0.98,38.4,31.51%,48414620,4.12,52.56,17.38%
499,XL,XL Capital,Financials,0.73,-79.5,-13.89%,326240,-10.00%,0,-12.53%
500,XYL,Xylem Inc.,Industrials,1.13,-28.4,14.67%,15397726,2.48,33.21,5.36%
501,YUM,Yum! Brands Inc,Consumer Discretionary,1.12,2.1,-16.83%,33527572,4.47,25.78,22.87%
502,ZBH,Zimmer Biomet Holdings,Health Care,1.2,-30.1,12.30%,24607582,7.37,15.71,6.48%
503,ZION,Zions Bancorp,Financials,1.3,11.4,15.40%,9872014,6.77,9.22,1.28%
504,ZTS,Zoetis,Health Care,0.78,11.8,50.71%,89476256,4.7,38.59,16.15%
